{
  "project_info": {
    "project_number": "510596551508",
    "project_id": "tsunamiapp-2c36d",
    "storage_bucket": "tsunamiapp-2c36d.appspot.com"
  },
  "client": [
    {
      "client_info": {
        "mobilesdk_app_id": "1:510596551508:android:c5fa0996bfd20b19f02ec1",
        "android_client_info": {
          "package_name": "com.example.tsunamiapp"
        }
      },
      "oauth_client": [
        {
          "client_id": "510596551508-fi2aq2sitqvgug36ep4lrqrt7iklee7t.apps.googleusercontent.com",
          "client_type": 3
        }
      ],
      "api_key": [
        {
          "current_key": "AIzaSyAeTiul7Pqo8eKWLAR-ZaW7gkQuDtvFK8o"
        }
      ],
      "services": {
        "appinvite_service": {
          "other_platform_oauth_client": [
            {
              "client_id": "510596551508-fi2aq2sitqvgug36ep4lrqrt7iklee7t.apps.googleusercontent.com",
              "client_type": 3
            },
            {
              "client_id": "510596551508-c1lv7f14i1k0n3651p4vbqvl2v4k74uf.apps.googleusercontent.com",
              "client_type": 2,
              "ios_info": {
                "bundle_id": "com.example.tsunamiapp"
              }
            }
          ]
        }
      }
    }
  ],
  "configuration_version": "1"
}